first_name,last_name,username,password
Anneliese,Eggerton,aeggerton0,cM5)%d{vF2u
Grange,Cuchey,gcuchey1,kJ9#t~1eDm
Annadiana,Lautie,alautie2,vZ5@QvocY>b
Mord,Sopp,msopp3,"qM3""W!Z{"
Timmie,Meeke,tmeeke4,tV7&nM}`Gq
Sheryl,Romagnosi,sromagnosi5,"cM8_""i8!\Dhu"
Eveleen,MacGregor,emacgregor6,lE0{nD<+jIB<3
Agna,Robson,arobson7,yP8%D`V(2y4=@/Q)
Gasper,Lillico,glillico8,"rY1,Lp+lV_K`Jl9"
Brina,Stalf,bstalf9,jN2!yeWKQ
Arnoldo,Perkins,aperkinsa,dO1`%%sdI
Jasen,Pimblett,jpimblettb,kK2'VTr?vkIQ
Mickie,Wilkison,mwilkisonc,pB9{qDG~9l`T
Melisenda,Giorio,mgioriod,"mZ8\tOaK$eG,g@h"
Alwyn,Matignon,amatignone,bC8&1UK!/VT4f
Elysee,Cuming,ecumingf,kV5+`!ZTD)7Jb
Reynold,Sackler,rsacklerg,vM8`NvM!/#~l
Georgy,McCourtie,gmccourtieh,iP8'`$l(`jU
Wakefield,Pratchett,wpratchetti,tJ0$3AsPyJ&9
Huntlee,Gartrell,hgartrellj,aN2&=sjbjnj?I
Lenna,Teague,lteaguek,iV6*c'A|.VL
Lorne,Greasty,lgreastyl,"iJ8`n""T*Gs{`"
Kinny,Nisard,knisardm,fO8&ZgPL\KJ<W8U
Helen-elizabeth,Neesam,hneesamn,xW5+aV0~\3Kam
Rustin,Ownsworth,rownswortho,gQ8&'y#m
Page,Daniello,pdaniellop,"kI4,_R(TS"
Edlin,MacTurlough,emacturloughq,"pN2,p%r}Y9{<"
Shelli,Stobie,sstobier,dM7+B{)iEfC.
Norah,Beauman,nbeaumans,eC3(_8Bm&SS4
Adore,Deftie,adeftiet,"eA3|?,S)Xnerd"
Nowell,Burthom,nburthomu,wE1'X69WvDYoUX
Jinny,Duncan,jduncanv,rT0>sX&)H@!Q1
Josias,Barstowk,jbarstowkw,wA0$\e'7{x
Dylan,Edmenson,dedmensonx,aC1.!3kL2k=kU~
Leupold,Lamboll,llambolly,"uQ5/EU_0""!KT8wc"
Gaby,Sweatman,gsweatmanz,nQ7*TrPop+G6
Alair,Leband,aleband10,oE2.XqZsRbLH_1
Ella,Sterman,esterman11,sX9|or3NL
Quillan,Brandes,qbrandes12,"oI9,kl'T8z"
Doria,Danielsson,ddanielsson13,qI7}EI5&P5E9ByPV
Cybil,Presdie,cpresdie14,rB7/(e6=3Qn8fP
Winny,Lismore,wlismore15,dE5\wnO2np2h{
Maye,Mottershaw,mmottershaw16,"eK7=,bP$<"
Smith,Sogg,ssogg17,eT5#rBsz0g5a
Delly,Nannini,dnannini18,pU3/DF#J
Raquela,Grishagin,rgrishagin19,xI0{bvDQ
Eustacia,Yoslowitz,eyoslowitz1a,zK9#IQPoSqk
Lonnie,Waddell,lwaddell1b,"wT3>,""G<%"
Ottilie,Vigours,ovigours1c,xK0'lq5b&q1fm>
Jard,Whitewood,jwhitewood1d,eE5!b{l'Hb_}A5Q&
Abram,Note,anote1e,gB8(RrK)i
Dennie,Hanigan,dhanigan1f,gN4<EPpg
Patricio,Godbolt,pgodbolt1g,"iM6_FD""S_5_K"
Holly-anne,Abotson,habotson1h,"qE1""x#Wj\B"
Nananne,MacDunlevy,nmacdunlevy1i,"hY9*PR(DcI*g>!,"
Kristien,Birkmyr,kbirkmyr1j,uM4`.s5skBS`o
Marget,Moy,mmoy1k,qW9$Ccg7X`Q@fm
Florance,Phettiplace,fphettiplace1l,jD2$0xyX$vAB9
Barri,Thurlby,bthurlby1m,nT9\w@|Vu7
Ari,Bracher,abracher1n,hZ9~mCUeYkrD$~2
Tymothy,Watkiss,twatkiss1o,wB8'CNFquL0y
Wakefield,Mulford,wmulford1p,"sP0""WvXR41~"
Alf,Maskill,amaskill1q,"zX6,lo*Lm?v"
Jammie,MacDonald,jmacdonald1r,aE3_1Q#i\we`N
Malva,Fochs,mfochs1s,gV7%a7ab$we
Laurette,Smart,lsmart1t,fX6\hI7H$?9z
Tybie,Garbutt,tgarbutt1u,xT1~nw{@4Ta>571
Tamar,McInally,tmcinally1v,nI5{5gi|X
Shandie,Ladell,sladell1w,"pV3><$,On"
Gaspard,Jeffray,gjeffray1x,jF1#TJkO3nc.)'p
Rosella,Wones,rwones1y,"gQ3!nE,|c"
Shena,Franciottoi,sfranciottoi1z,aJ9@t+AQe_sy~iE
Ingar,Ruscoe,iruscoe20,tS8$t_Ez6j
Michail,Petz,mpetz21,uP8/mCY(Q'
Shelia,Gobourn,sgobourn22,bD0~CLsB
Gerhardine,Clapperton,gclapperton23,jZ6=*_a.
Mile,Karlik,mkarlik24,sE2$#YOqbXKgG
Christophorus,Mattimoe,cmattimoe25,"kF8\$&""d="
Gertrudis,Ivery,givery26,"cN0$m13~""'n"
Mervin,Cavaney,mcavaney27,fM0+TP5D*pO
Leola,Briton,lbriton28,qB9>chrc
Fidela,Tams,ftams29,pH5|eWJ2E
Carl,Womack,cwomack2a,"jO8""?C5iY3/5"
Babs,Alesbrook,balesbrook2b,jG6<pS41hp>|3$9
Dinny,Fardo,dfardo2c,cO1_1>xWG\TY
Elise,Tomasi,etomasi2d,fF3.SD%#sMd3Z8
Katy,McDougal,kmcdougal2e,gQ0'DNJih3D
Birch,Dewhirst,bdewhirst2f,nK4(0QJ<c#du
Mable,Friatt,mfriatt2g,nH2(U#kVi&pC
Camilla,Foster,cfoster2h,vO6`UbV3Y
Cori,Creighton,ccreighton2i,"aY1""iPKBf_vgz`3"
Matelda,Charley,mcharley2j,"zN8.,n&L9=8Y.\S"
Harri,MacRirie,hmacririe2k,"vG2}6p\j\e,CToB)"
Morris,Witherington,mwitherington2l,qW7?92Q\o
Eolanda,Whichelow,ewhichelow2m,hM4*8}ky4jd{1
Maynord,Ingold,mingold2n,nH8>7=l\#(
Poppy,Eynaud,peynaud2o,"sO2@Rph&hi1C1B""b"
Gerti,Jagiello,gjagiello2p,"pK2_""%fsh"
Curt,Arboin,carboin2q,aQ6<9_=|&k(65\
Tanitansy,Connechy,tconnechy2r,yP1{VnF36#D
Saloma,Velez,svelez2s,"rY6,XP}j.""t(.>&"
Sauveur,Eastabrook,seastabrook2t,nC5=\?sK#
Wenda,Maddie,wmaddie2u,"aK1.p,i%R3"
Constance,Dymond,cdymond2v,kK7_jFC2dw`q5
Brant,Gofforth,bgofforth2w,xF2\F|?@
Jefferey,Timmins,jtimmins2x,iZ5.f$Mt06Z`t
Miof mela,Yter,myter2y,yR3&VAAiW
Pierre,Ogley,pogley2z,"vE0<,N&0c"
Alphonse,Dunk,adunk30,pJ9\F1rDMr
Neely,Eathorne,neathorne31,jG8<qoV9\B|)~
Libby,Fehner,lfehner32,sV6#R\ku@U
Gil,Btham,gbtham33,aD9`$5W/zVb`wh*
Anabal,Santello,asantello34,vD4?5iqQsCQ?gfCu
Gardiner,McFater,gmcfater35,fZ1@F.0g2
Jaquelin,Snalham,jsnalham36,fP2>7n3xyB
Jamill,Turnor,jturnor37,xR6#P>dh?5Sm}}0
Ansell,Geere,ageere38,fN2<s`ZeSeM
Shaylyn,Stangoe,sstangoe39,"aZ7%K\7?i!l8"""
Rollin,Anmore,ranmore3a,uY8`R$yY
Leonidas,Hardy-Piggin,lhardypiggin3b,fD2&8NOkt76E!KY
Ives,Clemenceau,iclemenceau3c,"vE0,fCsPn5}B"
Ree,Peterson,rpeterson3d,"oY9<'rc.'9,"
Drud,Avramovitz,davramovitz3e,lT5+x|7I+?
Carmencita,Girardeau,cgirardeau3f,dP6{yU!S*1{
Elwyn,Beesey,ebeesey3g,jD4=fXO{pwOcI
Zacharias,Gwinnett,zgwinnett3h,mZ0!ob2>IyZHk
Gerhardine,Rutland,grutland3i,"cV7,uN>wv"
Blithe,Leinthall,bleinthall3j,gZ1/zGU.NeEq`{
Cordey,Skryne,cskryne3k,gJ7|C9.11M++3e4
Carmon,Halford,chalford3l,fB1*_w5.
Yanaton,Skellon,yskellon3m,jE0$b!(I
Merrel,Deavall,mdeavall3n,mP7})N{s
Missie,Durn,mdurn3o,"lQ0""#}?J4(,CJt!x"
Darin,Doorey,ddoorey3p,zU6<O1sQLYY*/%1$
Kermy,Grzes,kgrzes3q,jD0}HsTSl`Ul@@p6
Reggie,Elliss,relliss3r,"xL9=qt~n65vkvd""|"
Shirlene,Cleugher,scleugher3s,"rL3#hO$,Jk"
Peg,Jagiela,pjagiela3t,"fB6,W(bL5PA,g"
Leilah,Stannett,lstannett3u,bS5|IsM?7~\XIf
Pasquale,Ferencz,pferencz3v,kA1`y{nS%+4jo}
Iormina,Stienton,istienton3w,zY2#$K*MkhTKahMW
Chadd,Biernat,cbiernat3x,xN1`JNh9e
Adara,Tayler,atayler3y,fD1?8u0k%
Aurore,Ayris,aayris3z,mH0|AlHf
Solomon,Rosendorf,srosendorf40,"tQ6"">>E9o5ft!v"
Mimi,Signoret,msignoret41,"xL6(2!W,tAinZ9"
Amberly,Davidsohn,adavidsohn42,gQ3%&F&?/i
Hedda,Lohoar,hlohoar43,"dI4&WS&<N!,Bw}$="
Cleavland,Da Costa,cdacosta44,eL5/6zr`>8v?y
Emmye,Cruddace,ecruddace45,uA5)&T1Ds#5D{6y
Casper,Unthank,cunthank46,rO6<r@zjA$Ve#
Hinda,Goodwyn,hgoodwyn47,uR0&?<niUQv%
Heddi,Duddin,hduddin48,sT1#kp+3K
Lolita,Scholtz,lscholtz49,wS8*#NIc(M_`
Barrie,Darrigrand,bdarrigrand4a,nV2!tD5OQiBX(
Lew,Ridsdale,lridsdale4b,"yK7()?a45"""
Almeria,Daveridge,adaveridge4c,gJ3{WzPcTV5R
Sibby,Trumper,strumper4d,lD2(2+?zE6{/
Veronica,Lode,vlode4e,"yG9|f*t&!"""
Kelci,Hurst,khurst4f,lI8$~&G&%
Siobhan,Romanetti,sromanetti4g,cS6$eW.F3+*p1t
Thurstan,Frizell,tfrizell4h,tQ7!IV)Uj!uias
Hewett,Louden,hlouden4i,"jY5,#4wg"
Elna,Halstead,ehalstead4j,kH2?s`}w%
Ilka,Grason,igrason4k,"iG5,""tjFnJDo"
El,Scoyles,escoyles4l,oB2<cL3xoxUUn|ly
Vin,Shrigley,vshrigley4m,nZ5~0kZ2PIfl=m
Lezley,Maiden,lmaiden4n,tT6!J69~x$L.V
Muffin,Stowte,mstowte4o,"mP9`$X%c9Q""\Q\?S"
Betsey,Norgate,bnorgate4p,"sZ7={""fUjWx_%"
Fedora,Tookey,ftookey4q,jQ4\8H_q
Daryl,Almak,dalmak4r,jW1?4#6X
Candra,Francombe,cfrancombe4s,nW4&v'fMNe!'n`xP
Joela,Farden,jfarden4t,"gB4#!=)Ti"")f"
Nickie,Ould,nould4u,gO4#3_#N
Caroljean,Matschuk,cmatschuk4v,eR8>=xFb{y
Katine,Gatteridge,kgatteridge4w,dU2~NsYs&Xj}~
Ardella,Rennenbach,arennenbach4x,vU6(rJ&SZ9\EHc
Mohandas,Standrin,mstandrin4y,sE6~~EzY{f+
Ingeborg,Statter,istatter4z,"lN1""x60'q""Y/"
Rutledge,Caris,rcaris50,uC8<>V?C?
Lexie,Lennie,llennie51,fQ1)Ne<H_Pi!e
Kaine,Velasquez,kvelasquez52,"uY8,BUGwztj"
Giff,Vann,gvann53,dE2$c3wLe0B
Samara,Ribbon,sribbon54,xA6+*KIY9i{Y.\b
Rickert,Ricciardiello,rricciardiello55,"cF6*Yf2o""R*%.K"
Vivia,Pendry,vpendry56,cA8&{2!J
Carmita,Dohr,cdohr57,sB1!6v?fz{O7w
Giralda,Goldman,ggoldman58,"sF0~_%6p""TH>"
Linnie,Manning,lmanning59,yD5!fChRbZ(L
Hillard,Rochelle,hrochelle5a,"uX1{""ZmDg$K/9t"
Talbert,Loram,tloram5b,qN2=>|0rXWXcp
Corina,Fullylove,cfullylove5c,bK3{arQo!tXJ
Sly,Form,sform5d,cP8?MaWHo?2y$`z
Gerhardt,Braid,gbraid5e,hK3?tfkb?3@y>}<
Claudetta,Bursnoll,cbursnoll5f,qJ4@K/nj2O
Orrin,Glacken,oglacken5g,zV0<xhb|<_DL*&
Rosalynd,Spilsburie,rspilsburie5h,xZ5<&tKES|DA+
Carling,Clemett,cclemett5i,"eY8{""mvRXAf<Qj<"
Rollo,Trobridge,rtrobridge5j,iJ2=o}1o}(.u$
